date,alpha1,alpha2,alpha3,alpha4,alpha5,alpha6,alpha7,alpha8,alpha9,alpha10,alpha11,alpha12,alpha13,alpha14,alpha15,alpha16,alpha17,alpha18,alpha19,alpha20,alpha21,alpha22,alpha23,alpha24,alpha25,alpha26,alpha27,alpha28,alpha29,alpha30,alpha31,alpha32,alpha33,alpha34,alpha35,alpha36,alpha37,alpha38,alpha39,alpha40,alpha41,alpha42,alpha43,alpha44,alpha45,alpha46,alpha47,alpha48,alpha49,alpha50
2025-09-05,,0.08641410363177,,,0.053097802306378464,,,-0.08828415246580187,,0.03665278699168626,-0.055597555295213645,,-0.1090222592346887,,,0.020952757350346546,,,0.11539590036298553,,,0.11174085860233399,,,,-0.04956173161884063,,,,,,,,,,0.17617965474896616,0.050389713043600924,0.26069191356020743,0.07844199472101857,-0.10601041681369716,0.09320733411435919,-0.14899487628269376,,0.2664674580433895,,0.24267017837597565,0.10618036049515146,-0.008916397306872584,0.07578500148206707,-0.06206924781571558
2025-09-08,,-0.05623637795317911,,,-0.06924434088777451,,,-0.0015580642485022566,,0.10626092339225132,0.051301983253560696,,-0.032208498275996436,,,0.023238663187305848,,-9.58934368272126e-17,0.0032070998783761072,,,-0.0421824723497781,,,,0.000383634462871429,,-9.58934368272126e-17,,,,,-9.58934368272126e-17,,,-0.06570227278224343,-0.17354230101845655,-0.12365033678313218,-0.12110979425726309,-0.004529708491557382,0.0593088129771916,0.06915319131019795,,-0.06331581111478393,,0.042052723611378254,-0.09186488900355383,-0.06743120334462961,0.013130466175220424,-0.09207227108914576
2025-09-09,,0.07390170357888631,,,0.0296211492102908,,,0.0009211665012838633,,-0.07312659623738131,0.026583427170367768,,-0.023440446404496298,,,-0.05104264366920273,,-9.232293651981638e-17,-0.022431885552528893,,,-0.004236853825749978,,,,0.01569273231048724,,-9.232293651981638e-17,,0.13418966560945444,,,-9.232293651981638e-17,,,-0.037319369307630496,0.04225197236936044,0.177386260108197,0.05384364555311,-0.04530380355765535,0.07151546586616288,-0.23035693010014374,,0.2143752961801385,,0.09251467501641328,-0.14886092142144988,0.012512127148957667,-0.28462608965176833,-0.18891656969426607
2025-09-10,,0.06140074326712726,,,0.1348456622051533,,,0.07315256767504433,,-0.244294876692484,0.01668932096911849,,-0.07329108083825066,,,0.0003587967692891653,,,-0.020821134696877807,,,-0.01566271205369946,,,,-0.028045967208415446,,,,-0.010857055951011678,,,,,,0.11849449870618782,0.05236665615774842,0.17500694435807188,-0.04991728958595045,-0.15757456226853386,0.15227920050745639,-0.13918895035013812,,0.19453345179750278,,0.08675816081856691,0.0819668791136808,0.01613898429360924,-0.03552111706736653,0.10852684253512603
2025-09-11,,-0.01627877159038631,,,0.05200022200022198,0.022746886552001265,,-0.02199153877088758,-0.044418454188025654,0.02435567685303602,0.048245666682671565,0.03893989187123974,0.034243682806845976,,-0.07212737366988177,-0.006501340043736935,,,0.0008013054601229957,,0.07242333786192079,-0.0497618462256808,,-0.0875233356382184,0.11957694592485354,0.06377866144035058,,,0.11235679621674112,0.0907245766646094,0.0012125846780307917,-0.03530392186968894,,,,-0.06511679550583373,0.002067416373365384,-0.03416865999991273,-0.11436776780141152,-0.07310877052078377,0.04486336573591099,0.014179713896427798,,0.07985875235875231,,0.06011729416121526,-0.03818524467801847,0.052625361746334545,0.1104289340323095,0.048043241509055166
2025-09-12,,0.15762967293904273,,,0.025449788192287277,0.09314206231691761,,0.030990717847077163,0.0756590965905813,0.05680241648942173,-0.025485274334800165,0.09062689403246663,-0.10223138675754538,,-0.11308108292897644,0.009052386865194934,,0.0,0.009336900151968957,,0.0018781576401627116,0.02618196559348325,,-0.10176549643503466,0.04599129252514632,-0.04594523411749233,,0.0,-0.010771814446602464,0.002139024429477907,-0.08139626913613016,-0.02167147052057537,0.0,,,0.017168164064265877,0.1328322171884246,0.053536918006301774,-0.013429118549613256,-0.021615771525633917,0.029356210796548224,-0.09709508328954469,,0.09241221886118858,,0.08513625782454365,0.017647661855834502,-0.036874760788625636,-0.029066737174315564,-0.0035116178403252507
2025-09-15,,0.02635282437409234,,,-0.09575978878711404,-0.08097544102386725,,0.05570867863424483,0.009013994970411434,0.04831944113677861,-0.044020357580729114,-0.031795791201467874,-0.11227752639517342,-0.005603713774919955,0.0518416894930212,0.04742575392730194,,5.400939442629578e-17,-0.09394625284426693,,-0.034325032000616144,-0.056161023924319646,,0.0813241466994494,-0.013664027223349282,0.05849752586594695,,5.400939442629578e-17,-0.035618929202464296,-0.033796646744457856,-0.0729600398344427,-0.0214397898417269,5.400939442629578e-17,,,0.02734231254355096,-0.14324280436812395,0.1982493186208356,-0.03274077602250973,0.08243514769830561,-0.09253702380637367,0.07614624797287328,,0.07771595798248099,,-0.016877218250428806,-0.08423487073641865,-0.05978107662318188,-0.09870251294399904,-0.008590757940603173
2025-09-16,,-0.18097926509753987,,,0.11728784163216471,-0.13685138797430874,,0.06676125225915767,0.01479502188925986,-0.1451913735725067,-0.0818475442650567,0.08358255874362594,0.16252065009567732,-0.0795544485542696,0.022707914878409584,0.05584931409578502,,4.189711583639903e-17,0.05622666827530686,,0.022760405220406503,0.01763207326976872,,0.16006842036282165,0.03281866824617889,-0.06904105225289878,,4.189711583639903e-17,-0.009365889815786068,0.09976432275897125,-0.1867005968788809,0.09649838022786014,4.189711583639903e-17,,,0.06985783684943454,-0.2217055801041149,0.164064250060056,0.07281008293515195,0.054058037214045285,-0.04126619135539556,-0.05104312768984312,,0.12518270756924943,,0.04773185561918349,-0.021614714885814273,0.03234459156127868,-0.1709777575928209,-0.21313278738924324
2025-09-17,,-0.1438496213112405,,,-0.026133638877364893,-0.0034115339771800773,,-0.06660030443165868,-0.113826417484954,-0.02040735669823705,0.15957457619941556,-0.12751400130746268,0.050742303837847724,-0.03857382949866959,0.06943435391800734,0.034654396092989176,,,0.07033219584959446,,-0.13838387024978238,0.03267091240092101,,0.011492544723835475,-0.0883042748636937,-0.017394667381822805,,,0.06720391699634046,0.08699669346833025,0.2729338674462411,0.004836600866699473,,,,0.020418366338729982,-0.13319753176762897,-0.27997769842054027,0.016939037644501505,0.015602918966222967,-0.019739720806809025,0.08965978518713194,,-0.1673773279912483,,-0.05154794802644414,-0.037836746792383594,0.05210580546812143,-0.004032633703614823,0.08460033593518432
2025-09-18,,0.0834936873191156,0.02848324817393087,-0.0432597301562988,-0.0684261347939092,0.04009142249528948,0.03528942766023112,-0.0587970703137764,-0.039061245792361914,0.03701362171708376,0.027170026105077287,-0.040956185967368386,0.07121805519169218,0.0507416243128306,-0.04951234371962248,-0.0014716188738511566,-0.07031651863790674,,-0.006319139284153713,,0.008444099924747196,0.012296548770101098,0.007573815517896704,0.07545524631390756,0.12943536567373232,-0.006540498775867364,-0.010504612324680201,,-0.034359805299852886,0.010340946531662756,0.09399069061352318,0.012920430711354878,,-0.08397260039093311,-0.009389252769109447,-0.028225134016258823,0.10648327213327574,-0.09578236105329936,0.04141757351777555,-0.018361324589972118,0.02523588324394486,-0.03871482561336404,,-0.10608549411111494,-0.03473817770309658,-0.08218832905069363,-0.005176864225671303,-0.07932007112070967,-0.22756738713842903,-0.038950690261862
2025-09-19,,-0.03024316080146945,-0.096500667932143,-0.04408372358909173,0.02743601449756946,-0.03565341814775008,-0.02936925298875636,0.11387041324533279,-0.0004939976414484525,-0.05895151713038275,-0.03837276051945453,0.03121978931575002,-0.10536743325021214,0.01706518387186899,0.03429061651480068,-0.03829209539577915,0.06214027365456557,,0.057877413569534325,,0.008782910954236778,0.013092083179007312,0.03425266339432815,-0.09440840623149294,0.1239463059028697,0.03450926228252923,-0.013149737626317062,,0.11319726187446823,-0.1136411550672935,-0.07754846608649953,0.01898300820438176,,0.054501117360702636,0.05296030010083909,-0.017967614517988544,-0.13697973403143582,0.013272181945845028,0.006417331973343429,-0.0765256784779672,0.05574947290759489,-0.02514705131650294,,0.022182186636461765,0.06900760979663917,-0.06449909760479916,-0.06518440288063582,-0.04063138398236251,0.05229002266328789,-0.030396785723573447
2025-09-22,,0.07226516143132089,0.2870165565080816,-0.1470515891221777,0.006947456977889118,0.13350161013050535,-0.2559565099516674,-0.05378858132655599,0.019223890682814205,-0.15786504635451928,0.0819625662577891,0.040802170759677875,-0.13486902759125977,0.018823345644330535,-0.08470585775206309,0.04506916638324725,-0.10814503538474479,3.8252621758455516e-17,-0.08970758117793635,,-0.1275433305990289,-0.0830622082451535,-0.039171008889990235,-0.1349880674880675,-0.047219580859807535,-0.04587245356680718,-0.07511709218731011,3.8252621758455516e-17,-0.08340156852904733,0.07619449584039778,0.15095942411315372,-0.0026919885276825584,3.8252621758455516e-17,-0.17538399693363363,0.013206409453382889,0.0433761092694353,0.0417963655334319,-0.39707818856175936,-0.0772649912946142,-0.15312597832150293,0.18700530295419007,0.29961413461109165,,-0.3247362744015207,0.14987052081483074,-0.24592087150119868,-0.13724368996471475,-0.007627964743944659,0.2691820946680707,0.19486893901054886
2025-09-23,,0.07824462850973972,0.2505102729936958,0.011909600380855204,-0.025044424063512028,-0.03399169439284053,0.2669885255324963,0.014499035948238996,0.05346529942518479,-0.08736702096409943,-0.05152078432662728,0.0013844544503570449,-0.08740720548389432,-0.0028003498910788584,-0.038311616522791365,0.07014619175300858,0.10946991708521933,,-0.02168697139805872,,0.01699369336230338,-0.02618797410753228,-0.07066689718497404,0.10260843790139318,-0.01052887895294771,-0.15271880001034016,-0.0785128319496752,,-0.06510378510378509,0.1793687313319968,-0.2666059408044293,-0.05675507555163707,,0.04820867846257423,0.007081104455452269,-0.017593534757259645,0.1382266678130939,0.3186905016485053,0.11939314325193802,0.07287168918331427,-0.08849688746219485,-0.4628662596849235,,0.31159993503577776,0.1873559932864053,0.12073195678873677,-0.005388955601980571,0.016177206682380138,-0.15728879039895474,-0.3710091014412382
2025-09-24,,0.05029126869391721,0.021977293394983267,0.07685696621246116,-0.10906441538075952,0.013995643153843676,-0.22815097654675467,-0.11307702208545355,-0.012357322447833115,0.08848871875231885,0.03197963089870227,-0.04641613529121719,0.03594070115092502,0.02692546171221044,0.04093435885622562,-0.10719122249527492,-0.023560231119455693,,-0.028390192624569443,,0.038731131698007897,-0.11095236844671497,-0.1426943822562833,-0.04687031224491682,0.058036121826822266,0.09723924917988153,-0.09529496059230953,,-0.06309855112729967,-0.22100880233574532,0.22378087916441194,-0.04398124754793831,,0.03722992679007203,-0.0955790003458203,-0.11906828766854204,-0.00226634398022499,-0.3095370083414451,-0.0768361763794375,0.07305993749372533,-0.0843684661955416,0.23388026043833424,,-0.24540126540126528,0.008174242190225268,-0.16253353157576056,-0.02838781171294259,0.04737431088141705,0.11369365377983992,0.16345396273194318
2025-09-25,,-0.10213809821447324,0.3511004185291686,0.003714805285378604,0.023827419533948582,-0.02359498311755704,-0.3634069657245353,-0.045750285939322954,-0.04632731046846246,-0.0896895799239357,0.03735885884247155,-0.052572129479238935,-0.04765928408253431,-0.03731973766430809,0.1140801980334877,0.14496647996236417,0.00439801351169971,1.1582157647159255e-16,-0.05556205154598681,,-0.04475482174048361,-0.08036313624712785,-0.09976116479588626,0.018866204947150255,0.16824651736431698,0.04918435819654094,-0.11907541252984426,1.1582157647159255e-16,-0.0481186690839,-0.1761008576214271,0.4461390439495943,-0.09139972637637402,1.1582157647159255e-16,-0.04110086593644378,0.15285547524820933,-0.08695277554872502,-0.17732099284934655,-0.4359219001217176,-0.13255392759717816,0.0383431204222645,-0.03989002233903278,0.4282643822430874,,-0.3707323915673565,-0.10988200649960762,-0.25325930972297495,-0.21585686475780613,-0.024846358117271594,0.08559686690612152,0.24926604013213854
2025-09-26,,-0.06913170791627603,-0.19489840136545725,0.008987758940539192,-0.21382844653365243,0.09060334162645413,0.1519870175428253,0.1348371982179736,0.15981636945853217,-0.1253098149649875,0.02592910868772941,-0.016207469276721426,0.08417938762766346,0.0007905182120177981,0.0704489170220163,-0.03365828883070263,-0.11053748669769799,,-0.017119338132887994,,0.19723051465577326,0.048258857151098844,0.1711920989015758,-0.09578920504333988,-0.1069613942695448,0.09300792059412748,0.0018456667659119122,,-0.16090056969638974,-0.012021088917848666,-0.32380633215300136,0.06857395629707606,,-0.04970919178013545,-0.13051290139051433,0.005888467957433493,-0.10065681444991788,0.3467540088229743,-0.09192775399671951,-0.11666812356467536,0.06815727505382675,-0.20262490945317854,,0.354076003133812,0.056345455992594926,0.24191000980067343,-0.26010757734895673,-0.05773807842773359,0.12376236514167559,0.03323583323583318
2025-09-29,,0.014230030666934169,-0.02832268375893025,-0.10254598253059562,0.030510439270960643,-0.0682229530520866,0.07780200726002057,0.09626776434567981,0.0026067841284322245,-0.07251094365682498,0.07293879903175812,0.003920416085408683,-0.10117156799163247,-0.004273941222322482,0.02125562362941699,0.026669770158035247,0.022837298107563467,,0.021114571539546507,,-0.030938074093508735,0.13137361765038563,0.01107984462480255,0.057613593405634766,0.04865305514514718,0.01358559269281778,0.09690671502268346,,0.09813407876206358,-0.021482919336350062,-0.04681021422765402,0.03849561346931557,,-0.04608458552694714,-0.024088443860583827,-0.1305843743947747,-0.13528990284027406,0.22769712056412486,0.060483848518823206,0.03078343612167819,0.010034819514801091,-0.10953015581859694,,0.13295731346129955,-0.25521520302578077,0.14451226969427466,0.17429551042068317,-0.12820913741300294,0.027563859961466923,0.14898902584130377
2025-09-30,,-0.09622485514831872,-0.035549871949805155,-0.01764367345131204,0.06697995997367395,0.09934853935374283,-0.034341797652965286,0.03214479651493303,0.023610308229929686,-0.1114798444645093,-0.08965963041123962,0.013027235926338592,0.017000771852153894,-0.0512988260236008,0.002736561746022084,-0.0009428048286435323,-0.09826856660199348,3.1357755075992805e-17,0.05395859672797643,,0.02600253565933978,-0.016261452797542836,0.1127985308938696,-0.04211780961969919,0.07255941474508974,-0.04960656061091502,0.014730472429815853,3.1357755075992805e-17,-0.08264507414931717,0.06542879555659956,-0.013305034480208035,0.048055305355373494,3.1357755075992805e-17,-0.005720229090488549,0.04833176327857191,-0.02176758777004895,-0.138011648142098,0.06823643036251893,0.03755431429607877,-0.043758589006601095,0.08224081390022321,-0.05699971996452879,,-0.02257424346214292,-0.04913732647964415,0.11117413359626159,0.06411089383921643,-0.07497044322583891,-0.03014377235789577,-0.02837284828008036
2025-10-09,,-0.08059264545968531,0.2615344572137907,0.0621913947686933,-0.004266839644902602,-0.002488738566392717,-0.13368006677981448,-0.11810017102714182,0.08570601409018334,0.10465258471621147,0.04021213684522273,-0.05441963443065353,-0.10242803779389151,0.0015589965589965487,0.010619290250333552,0.03206676984513679,0.02671038567807076,,0.0202852564696094,,0.03560080325357911,-0.09722340106411484,-0.15729021099020205,0.08994848211277351,0.014375353912551061,0.06642185663924798,-0.18558689538547768,,-0.02367196706508932,-0.04931501419449271,0.17692853202676645,0.020211403763844036,,0.029970522009924578,0.03617722524942324,0.01813146656730962,-0.11957918329331381,-0.34996871208430025,-0.13917438116801856,0.0439979746448463,-0.08005670039074061,0.31899781650345843,,-0.1717946750928819,-0.10496751876642157,-0.1981395987285649,-0.08287500119419526,0.04304667870415482,-0.10925262484117204,0.06484002560354626
2025-10-10,-0.22498320626465054,0.03238276084229093,0.3080038409853526,-0.10229890102700984,-0.057741565622735955,-0.1267822853088528,-0.1552037036540324,-0.05373687132170485,-0.07078412525521663,0.08546783527353481,-0.05543536774106723,-0.03652727481812083,-0.13498313538792822,0.030395374165257488,-0.028469047458899575,0.14672990545723721,0.014660654845086534,-0.009481651287885414,-0.03536737303299624,,-0.05028823367741079,-0.17897175334423462,-0.054995585175426354,0.10699388864407501,-0.07233354235239743,-0.020363913935805132,-0.07747578596699219,1.2786496319504702e-16,-0.08492350553177275,0.08520909684832917,0.19384376074938361,-0.038609801110574826,1.2786496319504702e-16,-0.063168115529973,0.051534650676866516,-0.02324162236727004,-0.036002297311044075,-0.34768879113114853,0.16539579267882384,0.10367846208195956,-0.07133625765426291,0.1908662812383442,-0.10637245921353641,-0.2520611765751235,-0.08396495905541809,-0.20683729161386158,0.11608446605208272,0.001725994213040834,-0.29748818215463313,-0.12279119843886682
2025-10-13,-0.2430147058823529,0.10927573247923704,0.22893107792753226,-0.08073121510492959,0.04218532133350244,-0.01534614242546523,-0.16385277805438792,-0.016170807047436713,0.014348891004521823,-0.027890951993643866,-0.1054865131276376,0.007385534011976047,-0.05486165481168058,0.00015058239957482328,0.0016450453090570726,0.047350173424889896,0.029157080326101564,-0.0044116837400793975,-0.012402341281957151,,-0.0339806690269474,-0.06101076433242391,-0.07940129573447438,0.0033294997629624533,0.00919730583625156,-0.04248312285029551,-0.021068792186032026,-1.5061418049710677e-16,0.04451256112593392,-0.0016816111395436396,0.17805910375731446,-0.07812046231568995,-1.5061418049710677e-16,-0.00414441639859549,0.10327339795905126,-0.01285900835293069,-0.034270618421129544,-0.3349969182588994,-0.05223026074209486,-0.019799190707989273,-0.009217411583725221,0.2706491054781791,-0.14480001144426638,-0.22832734422672737,0.09461360950075995,-0.22158095752782603,-0.08859668881222968,0.017986214368952844,0.2331124571145486,-0.03262937337448115
2025-10-14,0.15956279162683185,0.027155945990436314,0.04892244538923911,0.10341235041215482,-0.08446816268958428,0.05064978945400188,0.06221447181948419,-0.08567734249438026,0.031730501122438096,-0.1499883059762238,0.06747312267090698,-0.022861435474294353,-0.022460693537288797,0.001732253432000013,0.009979585075126252,-0.10385847003919384,-0.1334436736908977,-0.11717083402063712,-0.035815484078815275,,0.01859943037290197,0.17286032603235582,0.10322290464342651,-0.006621214425685996,-0.012404882523971377,0.004567442642506747,-0.1076338037587739,-1.5403373679685354e-16,0.029512961345045014,-0.08510758886310026,-0.16968527165207778,0.08608909305028711,-1.5403373679685354e-16,0.06709259587908342,-0.1191827611838569,0.07243700666459749,-0.03812287456788738,0.10689074833385057,-0.05465790697294516,-0.14305436744893774,0.15926583046095977,-0.07497159398876609,0.09551975571124847,0.11007172959717029,0.04211375087770737,0.12409549447236745,0.0607069246550263,-0.032468745878703284,-0.09008243191069984,-0.13347204132233706
2025-10-15,-0.14296711779586624,0.04790634975900276,0.12043942049672705,0.01749529616335962,-0.036389015716537444,0.01868734791325508,-0.165587777392935,0.011863419543461855,-0.008376568055789386,0.045594832127990134,0.0015766243985776722,0.027459532809925323,-0.05950358910595737,0.08166758009462025,0.004863714972222638,0.016836214265740078,-0.03351980715877562,0.09065748372524594,-0.06019998891479706,,0.022601458249124677,-0.06969958555546024,-0.03512956420139539,-0.100611115826511,0.11153971727807449,0.04789949646657696,0.01648064765543274,1.9019537999268857e-16,-0.03585497620177228,-0.011049536633119963,0.2193701239883036,-0.004667309448381064,1.9019537999268857e-16,-0.037822489513033956,-0.033260353145739975,-0.03146138506263726,0.09107279114407764,-0.39766021253773143,0.05809939844001928,-0.09059012354895296,0.12477459092881081,0.3025445907635977,-0.2511121158951302,-0.31376693045435256,-0.009756394512841491,-0.21257423397715952,-0.10358886119696416,-0.02523835077965377,-0.02893447824110251,0.17807338040484597
2025-10-16,-0.26033935886727927,-0.03421892020586136,0.2087318237318236,-0.091152147127112,0.012954857338169506,-0.07824851357888044,-0.1711094461094462,0.15652622902805638,-0.0511659449730936,0.05950102132924836,-0.0028921354888205957,0.08071534429118432,-0.10528923612801061,0.051786196358587756,0.07275570196482375,0.03592665496231545,-0.00706543456543456,0.06875585572401138,0.0918116188285166,9.914296039876012e-17,-0.04057072253271135,0.1390736903243083,0.06308202560855226,0.034316318957436726,0.01621551501041121,-0.059748639105746126,0.0037512487512487125,,0.08628559031648644,0.15808315739426515,0.13302462720190103,0.05093265267078492,,0.09995754245754247,0.07886419136419127,0.043454285543687854,-0.11479730716295238,-0.3639800681488278,0.017672182162388115,-0.016647591484356912,0.007496019801393998,0.22225639754519716,-0.2489912699359663,-0.2700642271570174,-0.10241785991785986,-0.12556329899634858,-0.0668111396388644,-0.005541169026854621,0.019983783168112664,0.2517369621839738
2025-10-17,-0.023246921452406432,-0.08269035096434166,0.02643204551475445,-0.06793401578974631,0.021335619396693595,-0.011697827728642097,-0.045579312597576645,0.014595412882538666,0.03343733791275984,0.06805335511344965,0.10226726833233042,0.052888702558548516,0.03923596224976003,-0.014468558033486043,-0.03756460815638949,-0.11216540976408963,-0.05884201781392344,-0.03919236197957263,-0.04983498260151367,,0.0707471673027767,0.14542155359792788,0.1119336935194324,-0.09716349681133248,-0.0140654771982725,0.04781403575356191,-0.13052492688986794,1.4195741770804504e-16,0.0304867342651642,-0.06595006646955934,-0.04429428442882067,0.01285701744249069,1.4195741770804504e-16,0.07329043176773492,-0.03544523234489981,0.12615184376268457,0.01684216803289321,0.03884566819343473,-0.1497208256538367,-0.03554829695199293,0.1086071249008793,0.0031627165628806625,0.0853386690287799,-0.014773538670810129,0.013325720105865012,0.010853133949019022,0.07989607801833945,0.0768736132909227,0.054842557896399156,0.028309235599510964
2025-10-20,-0.0703775279996884,-0.062107193070569014,0.1039817697192616,0.05423349192448055,0.024181870814453575,0.00631711693961594,-0.14362841350172498,0.015602273303616038,0.012507596311754658,0.09314979826306256,-0.032457740576831776,0.06743877772838307,-0.005731374635339313,-0.06453404491656342,-0.03008831145261317,-0.11626856124849436,0.0246752195638852,-0.060825909414887566,-0.16338976075723655,,-0.04487489590398877,-0.006729203355613995,-0.11427953752951386,-0.03950061579598216,0.025674484891982825,-0.09437350109379128,0.010725694942736215,-8.257463721986083e-17,-0.02686658724497099,0.09879659960921092,-0.18894690138777248,0.03215459914237624,-8.257463721986083e-17,0.026976789106448257,-0.015692705099159952,0.03657186124650991,-0.0922949160459866,-0.16494189090786962,0.05961582203794767,-0.02629281853140398,-0.021266416410074804,0.1016311458016888,-0.0846418743352029,-0.10787267688043971,0.1501797931171915,-0.15419017928889406,-0.09737841208681335,-0.08487972875808517,-0.033751055245236666,-0.022386312114444296
2025-10-21,0.026720588801125687,-0.041388848623798366,0.053556503429547334,-0.04673090647037412,0.03503861793703594,0.027841122418733297,0.07727393290757206,0.10581444589350633,0.01832540545118355,0.06211917905316901,-0.026918949254017176,-0.01641622087032619,-0.008562678117615163,0.06307605231894871,0.1088566988621045,0.025588827080127816,0.006487106508720348,0.030669374253281555,-0.06783298501245695,,-0.02316570162906116,-0.025887515157951443,0.00027890535754069516,-0.0333614690812596,-0.005403192795742949,0.015915985004541475,-0.12318696568463766,,-0.06326337036148316,0.02916630883990444,0.04201378634644344,-0.03999011955340376,,-0.007863804481540313,-0.008206269756043202,-0.07733592566635775,-0.09759442311502867,-0.0018266904799583935,-0.08753512482695254,0.016307228699360726,-0.0256507983791713,-0.09910327796255397,-0.05059711938906572,-0.0009623207145112923,-0.010641129489010437,0.06485894729208705,0.026461212749065457,-0.06591671642545305,0.12221139128226068,0.09076215388830013
2025-10-22,0.00761667077891489,0.06882245519607262,-0.18417336216319705,-0.001969828520097102,0.01485413149948722,-0.06137857978616409,0.08795169668004432,-0.06992759862081141,0.09344154469406976,0.0509396995327379,-0.05737157686165497,0.121064530911594,-0.04012834920447156,0.056155029114472364,-0.0008276330748847679,-0.014558688708818818,0.10473099662499095,-0.1277337503615462,-0.03216738469507045,,-0.03142214301590349,0.028708730323141723,-0.07697700993605167,0.07575498444562147,0.002053072488904007,0.005497722836694837,0.013410673964558419,,-0.03742393272250974,0.11146755797642427,0.06747891974850967,-0.11897084185013111,,-0.022631709126885974,-0.03255926212569713,0.058042157094694465,-0.0005959070207606239,0.1241900544153311,0.004306278464541329,0.06643697876619153,-0.04104365055894013,-0.03285029869284911,0.16319329258862686,0.11335065702724446,0.06627464434745835,0.006180248565934572,-0.0744917046193885,0.05033455077778441,-0.14507304666706125,-0.02220788726562965
2025-10-23,0.16396382153082256,0.07661746521789278,-0.030122736369921223,-0.03915079765195955,0.11392700564070085,0.08991647241647233,0.1770352927623986,-0.0769189968988951,-0.005394050394050378,-0.1034520587627843,0.07134120663803808,-0.041958874458874425,0.09006037750019442,-0.06539878459649219,0.06909368409368395,-0.10344857183474099,-0.07149734411437055,-0.02857049025229516,0.017900383516359933,-1.2225927399963552e-16,0.07454429736101072,0.12068922851302355,0.11443203589951795,0.001134976134976139,0.06927045177045178,0.181235230848048,0.10763532807121041,-1.4625408035049957e-17,0.05051420801420798,0.10103392437237,0.04418701174075425,-0.012851315351315323,-1.4625408035049957e-17,-0.042813209335505906,0.0165004947583514,-0.05453394524450071,0.1304441005200888,0.3038839013896751,0.05556312546771777,-0.04589950673379447,0.035145820648515,-0.3727936462806551,0.2963720565468598,0.2545673039533598,-0.33831586567112,0.1390971383171283,-0.07357042655858978,0.017813910697090596,0.19189959793037403,-0.05306353451119977
2025-10-24,-0.03610079593473467,-0.01842292813303034,-0.08259934763335579,-0.043782809602558814,0.01622048439633921,-0.03338574062216986,0.11162263369099591,0.007276971775028754,0.036261832977465776,0.034359532518161824,-0.05593585883135426,-0.045346914072632034,-0.011580314044908818,0.03193520771533636,0.06459603423181418,-0.09231378200301849,0.07462836698837945,-0.09376641391087383,0.034625016101740506,1.7359348208535799e-16,-0.04713693432897338,0.08832759628421011,-0.023613418883238212,0.08190717375566221,-0.044714600078332056,-0.06578462422863388,0.08172295830190447,,-0.014583264437537375,0.03687534163549261,-0.0775801661640597,-0.024353651185001036,,0.06103739523216455,-0.09273470931853917,0.04053389498384548,-0.07437634671782217,0.030835417532187624,0.10108639938236755,0.04692819581381361,-0.04915936359137178,0.017372482100578148,0.12103869145903404,-0.04565048400884746,-0.07378250097928997,0.02840231633910171,0.0027870958375045734,-0.023791700122574984,-0.026800009613719752,0.018860842877974928
2025-10-27,0.0037047021478780816,0.06340315346184752,-0.16227418989849926,0.0653910685735256,0.04567379906731761,-0.02521226427092503,0.07717822107575999,0.0621311067339787,-0.049648958669109115,-0.13132324999529696,-0.010865835884177806,0.07395569770996469,0.047623302759032836,-0.11444645618598688,0.07965384702543285,-0.07790399866702144,-0.029521207070177455,0.020903634714137292,0.0676000623993867,1.361861324103987e-16,-0.06870431297702258,0.00550780721569403,-0.014738535309419593,0.13284235490206875,-0.010686400148731845,-0.12219261540611509,-0.04613568249931896,-8.161143559762776e-17,-0.016414841549271354,0.06929479235495084,-0.08910075331032692,-0.003284032001391109,-8.161143559762776e-17,0.0020622270747835897,-0.0016294604441264456,0.08329974012292422,0.0140424098604583,0.11821338765579419,0.04447360335107952,0.028059960745213944,-0.019675767291321238,-0.11771240091122709,0.18502854177477976,0.14923663863649184,-0.17443204710909385,0.035080780668528364,0.02848637056267285,-0.10554696160312657,-0.08244557675959,-0.1337950384171954
2025-10-28,-0.010927672496101914,0.023414803068346177,-0.09324658329046119,-0.05265048907187676,0.03499159553053931,-0.09174520441392679,-0.09351115988748382,-0.02290108317006082,-0.002399752792589091,-0.11554739588366027,0.004980985926200951,-0.009985298037159003,-0.01555136890049945,-0.1059171360026249,-0.01768190454901084,0.08761600841298572,0.09231368854042994,-0.006889881652929278,-0.10333904727361296,5.774688760080953e-17,-0.09291686525756016,-0.007521028134627358,-0.07521109871729949,0.09570375974757336,-0.025450124337033538,0.014562725352212855,-0.028399908342274894,,0.057695923758159566,0.023459407337859593,0.0676551232796787,-0.03609703598921146,,-0.0022947066265132255,-0.009069033045966632,0.05688879427767854,0.10900535768678205,0.11668318820376956,-0.13808489797439907,0.056212302324018686,-0.0802136403968505,0.030261341123716326,-0.0015712632046230002,0.06672291887266783,-0.07907343643972667,0.018748065370352236,-0.029099062024678813,0.010993680941241995,0.05765632227150614,-0.039002370566714115
2025-10-29,-0.1675748111076061,0.02349567569847324,0.0943361003649885,0.07521610833464579,-0.10775463155538767,0.163545169456304,-0.10016356984675967,-0.0538430118695024,0.11255695772093542,0.14022772004247572,-0.03381204952587898,0.007163428361290891,-0.0774001587561641,0.023157952195149573,-0.036253643452912425,0.02368521384810116,-0.11403283187292393,-0.049781088154946584,-0.07700632449822709,,0.10695782046554565,0.035269901753277114,-0.005431616466135073,-0.018178108588053063,0.10934711149733617,0.030524186975215566,0.04289596803958834,-1.1899558027616945e-17,0.006226999659953907,-0.05921286114205553,-0.00516570148995815,-0.07946631654513163,-1.1899558027616945e-17,-0.04608299557092671,-0.060276919606851415,-0.07304075320683438,0.06264494108633364,-0.23101345701154058,0.00508598419808894,-0.0596849263090081,0.04484463334670936,0.11356629459471997,0.030413726578100653,-0.1305092844012744,0.12301657143247723,-0.12619618510831537,-0.011048962629927184,-0.05850356186792867,-0.0818030521000818,0.148497562742213
2025-10-30,0.027245712442842244,0.09681949527304452,-0.18527075547066552,0.05617418257786449,0.09645973186209693,0.07809563880470477,0.2477740425031036,-0.019423990604910304,0.002903140085920546,-0.012362637362637372,0.00969251588402467,0.09856715927690178,0.10949097125198483,0.038556231724112815,0.11019851258708477,-0.02486386017543286,-0.03809184323422285,0.008429871586837319,0.018181007802127683,,-0.037475091979398564,0.042243424036394875,0.01099906077593502,-0.001420093259855862,-0.09657013786514643,-0.05749979306244997,-0.04083066127162033,3.13838021920381e-17,-0.020208727452183745,0.030803143933790616,-0.19725003108900666,0.014949099352748766,3.13838021920381e-17,-0.010812187105816969,-0.021805526221544705,0.00848820205131549,0.10343020937063405,0.30571542700622834,0.14463178911934893,0.03294539858680467,0.002175666150785972,-0.028207155775062658,0.1276707248246391,0.0678547702353009,-0.09957567019982654,0.07227507811598258,-0.02058558309984924,0.04980579224473324,-0.3099880603304482,-0.07700083527520186
2025-10-31,0.04675658300817918,-0.08995294101709722,0.08035378929747047,0.05999648985628073,-0.02874358543263089,0.042891193842876596,-0.06291738973023654,0.07765829936927536,0.0014884031245036029,-0.06955314485568537,0.0008225659995162929,0.009975790059814275,0.0890164230312105,0.05252443752336438,-0.008065398733416421,0.05845697057448933,0.0784319149345078,0.013940116761216162,-0.07895057298170753,1.6964137416691132e-16,-0.0392288437972923,0.02620068183054466,-0.010098116013034666,0.005873806173499681,-0.0217276500578824,0.04084162705905462,-0.05108197638449665,-1.4667543726834146e-16,-0.0783537280300599,-0.0356927958241448,0.02805294889800725,-0.03711762632334101,-1.4667543726834146e-16,0.027960940623132858,0.07981322047376098,0.04309676077533566,-0.166674900959388,0.06922304268537816,0.007486167384311834,-0.06579711207416923,0.08859129446667482,-0.009008382642801559,0.05873740421020921,0.008821120421412724,0.03901527156917929,-0.019848877192825482,0.10954849912085646,0.09734151158137096,-0.04199051011044975,0.052219294621267044
2025-11-03,0.03909945404401424,0.09714554705877625,-0.05610014535968008,0.011786986662815776,0.05318921740941647,0.006705362627105192,0.030779314745352577,-0.047588981197873824,-0.10753256924904982,-0.04434004522277447,-0.08655762416816642,0.04082660847207409,-0.08185107598552654,-0.15137757934750207,-0.037156705228514504,-0.06372977917016476,-0.03845447967825321,-0.037748217639163834,0.07959025884192017,,-0.03581446857196502,0.058544407617682745,0.10287226551192724,-0.00025776444996394263,0.016562103529575833,-0.050958502874033404,-0.17524293607722977,9.750272023366636e-18,-0.053561092320443385,0.17754125276638014,-0.14786039064823306,0.08769731318783008,9.750272023366636e-18,0.012050730311078377,-0.05616996435899418,0.08623924081529745,0.0763765989576767,0.08920205675109513,0.09609705461870449,-0.043832831305103584,0.03587727086188816,0.020605062483068294,0.19771607691008838,-0.11934332262359865,-0.05507806473901527,-0.06691181893614805,-0.013663393424726606,-0.03814538344138343,0.2239441984222993,-0.07666520930956147
2025-11-04,0.12375723830454796,0.0926182458472784,-0.26182894345567626,0.0036192634395638963,0.08695478600424268,0.05895664051834088,0.19874978646403435,-0.034638341861425406,-0.07460218017792256,-0.035772896647077154,0.013589817674661189,-0.03631732300630187,0.04507326710748789,-0.018067331878529425,-0.017305419232979964,-0.05485154509250678,-0.028575857465533722,0.01602274590479784,0.004231366483125497,,-0.04908834594562372,0.05962682319731206,0.08736733644254548,-0.07055760320935645,-0.045438986958187516,-0.06131861047931356,-0.07317070855978682,1.0362983157984602e-16,0.0633352478031278,0.05989420029416952,-0.21503321296253144,0.033172860688644196,1.0362983157984602e-16,0.06833530524570867,0.04639772734462492,0.00225889037790247,0.17942884681994747,0.33716775068513427,0.12773630176133133,-0.017446732981063248,0.022481200804871496,-0.11626320653869064,0.21718822476273378,0.04375469225957395,-0.16247619469418498,0.06027969137976657,-0.10725033445363581,0.008137462311139248,-0.2936365061959365,-0.23438263793591707
2025-11-05,-0.013546274865965494,0.12402387078279473,-0.1003667533831087,0.0267866218788373,0.03927622806422796,0.07310768727926431,0.102582571847028,0.0037576733878711193,-0.01946015634220967,0.1071984660274321,0.022137094040273902,0.05538073232071041,-0.04078629178546748,-0.045619422822802506,-0.017857088814843755,-0.10156353151507153,0.03019036553758154,-0.010527739886723727,0.03749513838564208,7.211145284694662e-17,-0.09275862653956016,0.14795941251431508,0.00895583297375506,0.02704060478953122,-0.038192168362946366,-0.023108316591193227,0.08020216122816888,,0.12126599057588777,-0.07575734008861837,0.012337469340974776,0.02614056272300557,,0.03034624578998516,0.035003973497136374,0.004765116398019287,0.1868280097491001,-0.09549948673296912,0.1432389707063103,0.06333792478348224,-0.022805887523745308,0.1432348074743101,-0.0474906981513491,-0.16929723454340662,-0.13708041762380838,-0.03669818291113491,-0.10109724953104177,0.08309424486703239,-0.13567556765668323,0.07779920851012204
2025-11-06,0.03353801436796012,-0.06430058111253632,0.048592406570944435,0.050819945195469646,0.03387869913399179,0.000971133474246785,0.023994976369346707,0.12524551894787336,-0.062293372878677894,-0.13854787802483953,0.09240423337559084,0.020730148806492352,0.065358054150084,-0.10077211164884863,0.050156817031038706,0.002152766287261968,-0.016170791934520194,0.042050565207820766,0.003280410269350346,-1.7329097428732194e-17,0.0167214768017262,-0.02947653661386119,0.03515691225849326,-0.02162519920925898,0.04058506872952703,0.019207691436832205,0.03187957618739441,4.014992188904054e-17,-0.052153326125928844,-0.01787919523675687,0.014913668675820557,-0.05319313314331989,4.014992188904054e-17,0.009846007465092102,-0.07101383682275751,-0.07349412729238382,0.026299976486775945,-0.10085729961196976,0.0075321938335636785,-0.09564059850485762,0.028202432685620765,0.12042950822527392,0.01856603395366527,-0.024063358808066187,-0.07331275984662854,0.02503921928624394,0.026324360570935915,-0.0029897872986291234,0.05237452460366539,-0.016658808190564114
2025-11-07,0.07087025502109442,0.0316913269428851,-0.10158502351542922,-0.08326115562026204,0.03515272236598457,0.03920739785545378,0.1617975695626558,0.05941767820239421,-0.029607804378460764,0.017807581696292072,-0.021433703480866637,-0.035347391272998754,0.05866828667059989,0.03858251558072759,-0.009125872530904921,-0.0011856014361957962,0.0010189000038733488,-0.02745017975521928,-0.03943500025366252,-6.765019339495794e-17,0.05582065878005425,0.0026067561686571534,0.0385250311989282,-0.004308221741427248,-0.012316842697472442,-0.07609014387270505,0.08592234098289803,,0.0125305027141591,0.015683869447778484,0.024822937515067627,0.07618706140469199,,-0.054338887201368306,-0.02247084270247019,-0.03728696072074598,-0.026605449210345446,0.21983803854908393,0.04389899119706997,0.04707084985951526,-0.023060717046452472,-0.03312284964922632,0.1090315932314066,0.04822257140576233,-0.04271368257534213,0.05778111018289036,-0.016316282402512566,-0.05597113589145976,-0.07337780555669136,-0.0883780294755043
2025-11-10,0.17906744792688892,0.004907197272842674,0.009224361069181453,-0.05202509880647419,0.05941998734565283,-0.04200885854893986,0.12865034780037674,0.025553600777102736,0.05232650427300576,0.021112488716707734,-0.17160338405943634,0.00024170717359326714,-0.08328361743730901,-0.019756865265810625,-0.10223088399376674,-0.023426347635287864,-0.012938122137325404,-0.0040946524675756855,0.16958405795243667,,-0.04347929216846422,0.029284420424782777,-0.06242300653189468,0.11452480508801807,-0.12381819927270282,-0.007200985854928587,0.005465730899508744,,0.059817276459757616,-0.09269271028008805,-0.10600603918873154,0.04747718295664661,,0.07477889647946138,-0.044801149478947845,0.045841902948884364,0.11025137594700628,0.08140252514938606,0.051258635889474706,0.14209472094956782,-0.10063341981975849,-0.04303481551095818,0.07826459837300896,-0.04667306575895228,-0.026796968612377643,0.09890372313530471,-0.008602397100639203,-0.0281677137528469,-0.1718668072259232,-0.17926724204976338
2025-11-11,-0.1692364345560822,-0.050442565050518445,0.16976799174572255,0.08353075596103479,0.056638799489983044,0.06287711911634064,-0.16315692681016122,-0.006942747594235845,-0.0021107339887831388,-0.0037275451248010866,-0.00794831939049551,-0.0036158575134314294,0.010513203418057115,0.05720472377620507,0.08031703557493229,-0.04072759275968297,-0.06486773093347854,0.07192074134277147,0.026075088122547854,4.404568587929127e-17,0.03961733070172497,0.09103703546659102,-0.014596923588556422,-0.04365551933351866,0.10696597713248189,0.10913590786766386,-0.02149551460261955,,0.013944764810864076,0.009982526005911494,0.08583502503067787,0.04678254121457851,,0.09885428907168038,-0.011080937777650365,0.028911135971689126,-0.10112769801889765,-0.22929605356565633,-0.19631421632988524,-0.10112885420535093,0.06973677334259522,0.10909798495200218,-0.11471168196819195,-0.20661144411850269,0.007875001194195257,-0.12717729115967388,0.035180903869571095,-0.08545165961315845,0.05394673495258007,0.10620196912427204
2025-11-12,0.17034412507196972,0.10689881011193136,-0.10549839734600383,0.033271694933063395,0.003352858977797258,-0.006597879938458917,0.27109325860260847,-0.03435943474477654,-0.036789701751662074,-0.08840769545640609,-0.005244823351729786,0.050038624858235514,0.015346874250144683,0.10662780357672176,-0.005717390997501663,-0.032439482264598335,0.029385074603066556,0.0216827986829962,-0.025464874552156527,1.7169385740739388e-18,0.032289189015082015,0.09152960333200197,0.06153506801020736,-0.07361836069276051,0.01647550354990331,-0.07627676542408295,0.03260234163736936,,-0.027028102813104343,-0.13325242830355202,-0.04355758801181887,0.06551611218541364,,-0.060487410688023616,-0.07037070467515971,0.006355950146089467,0.07040523945968079,0.2737208350388867,0.01625107626293282,-0.021613053481445967,0.024329893996922928,0.006214800909001089,0.21510221254895498,0.13874490098381026,0.07093790495238157,0.1584323179884298,0.04114923708837352,0.09616328143746379,0.009393764026705448,-0.16116561039987568
2025-11-13,0.025880640806092543,-0.03406761581612492,0.056337223493311814,-0.0235317923503006,0.0037372537599095388,-0.05242317403937406,-0.06503469493403008,0.030388432418041723,0.006755145997958164,0.04319712977237395,-0.028667360876907074,-0.06687420614905673,-0.06603206959226496,0.02183836661741767,0.10026142076319801,-0.027914653201969536,0.012171256447464071,-0.01803293051055265,-0.03359746470905849,,0.03573098238634379,-0.018179681924138717,0.006079052833472259,-0.022427837943972954,-0.01929931493924657,0.12496637595352474,-0.013727499255674947,3.0079980600491605e-17,0.007477776750512851,0.038297853601259625,0.04621120941686667,0.0019485922627247838,3.0079980600491605e-17,-0.01170508099060944,0.010741884174979403,-0.06711142152819788,-0.11453645120300503,-0.07737314436831208,0.006101299859200767,0.0665951446170351,-0.0952035285722262,-0.05324334492515357,-0.025296469254282687,-0.07972385200637266,0.017918786763621117,0.045690535475853576,0.00132743843090526,-0.08668838221030953,-0.048007868122895356,0.02740726859829382
2025-11-14,0.06844855839496874,-0.0728703962722708,-0.1854018105870112,-0.03266011498607089,-0.027627974864704627,-0.05906325210235577,0.08437919151482635,0.079280121341818,-0.057502758176591354,0.014153032427498666,-0.11425677193220289,0.019230788730170544,-0.015444606493541523,-0.04658162084823392,0.0022239234366591837,0.1385445106235342,0.04751744407137404,0.06643290880566528,0.029386281899112084,2.289251432098585e-18,-0.03877543589848732,-0.13306512587856975,-0.20339370416526303,0.055106315005820694,0.06125834985257613,-0.02118129770882745,0.16731097465708805,1.0196732091278966e-16,0.07631738647476993,0.0062520940466188595,0.043161189668360016,0.03513503530422326,1.0196732091278966e-16,-0.04982991107944774,0.10662683100107014,-0.24187732889731092,-0.04879461703407261,0.08368549812481943,-0.011133041032248287,0.0795632026901044,-0.09985099652535838,-0.054460655098314166,0.04068318855067605,0.09793934053612524,-0.1524123964189171,-0.0741779131928869,0.01273250200040323,-0.050442616142579236,-0.16706598142683746,-0.0719734459035245
2025-11-17,-0.14571403107502537,0.03581664834656831,0.20548466651829803,-0.05416199550089483,0.002792267469748129,0.12887932362881774,-0.06771504788912237,0.016880620672853536,-0.017735857107974245,-0.017842142653377146,0.0928477335101334,0.10790946210031306,-0.07598823825979335,-0.018464841610830524,0.1296881210691141,-0.07414700910894781,-0.0008509369873608198,-0.04460216818801116,-0.006518907219503393,-5.993681522585504e-17,-0.1665325578339728,-0.013307698016193715,0.01314851001435607,-0.09376242138228107,0.0642517853205832,0.005460864397819277,-0.024715842432652617,2.0955470244470292e-17,-0.014712053096939536,-0.07188874526381026,0.03984474668648481,0.04143242402240433,2.0955470244470292e-17,-0.10682914695832801,-0.07968737884218184,0.034028364411648304,-0.07842964489564656,-0.15821650484132618,-0.08533622977907628,-0.09213889979841304,0.07028556436834377,0.13152539908444294,-0.18181694969272852,-0.06226278370140793,0.15663383426164343,-0.1199472453853877,-0.0017100514516867253,0.007947709092115972,-0.02550971623734946,0.06348645037097214
2025-11-18,-0.08899720789361602,0.08205702915562586,0.11780364354722755,0.012101214312851539,0.08713802466426818,-0.059866482777001954,-0.18401082426927415,-0.04707221840472516,0.10391326550247877,-0.05416799021654903,-0.004041590006083041,-0.03537172460895203,-0.017727335129723205,0.030358452730457064,-0.018583214764325794,0.0656106413984957,0.12145858781860597,0.1394049918569843,0.021157991544835022,-2.0926449158457876e-17,-0.10660979653153958,-0.04409659369590343,-0.05056621196844625,0.06990842087909742,0.05679536837002028,0.015489698138720283,0.10711233978386533,7.980051201870491e-17,-0.028161312057735657,-0.0631038439693996,0.1108398223548272,0.08545469898023954,7.980051201870491e-17,-0.0979973348451463,-0.007612056318930181,-0.09979700143431633,0.10225636294810897,-0.20316600790740863,-0.1532834472304251,0.05769404198635301,-0.05787124927982605,0.07337329735958248,-0.0885148100711231,-0.0888730477758904,0.11768295177589323,-0.059576045214565644,-0.06699124992317187,-0.05995953814667018,-0.021640830398546963,0.012580569004864744
2025-11-19,-0.2090704408362017,0.08701311894119695,0.275788093633727,0.006734824420979251,-0.055113702327741376,0.0014961978289893827,-0.10857491284094577,-0.01843672765064727,0.05070057177686187,0.07433062924479013,-0.02092754106925173,0.10234624426771927,0.0071131073315144795,0.06598653276832873,0.06124978231845357,0.07891826783537466,0.03588243049248523,-0.07560898576141192,-0.06254025047324849,,-0.02291353335177407,-0.012484012308729031,-0.10083853365551133,0.04446109305160497,0.08811349915829798,0.15778284088930156,-0.06979719040224999,,0.010252438033319794,0.006552585512392821,0.13858851250381962,-0.02847891391420443,,-0.10799812498168938,-0.0387374388421762,-0.02899772159981423,0.09021630289661567,-0.26049333894467963,-0.12410569164683327,-0.045439934405293966,-0.03025918616125846,-0.016324301967841178,-0.12182417862498504,0.07501342369536192,0.08666503090850489,-0.16042327404952159,-0.02618745283566494,-0.04214532420038308,0.026354704823823065,-0.11576594880130031
2025-11-20,,,,,,,,,,,,,,,,,,,,,,,,,,,,,,,,,,,,,,,,,,,,,,,,,,
2025-11-21,,,,,,,,,,,,,,,,,,,,,,,,,,,,,,,,,,,,,,,,,,,,,,,,,,
